{"_index": "app_data_240709", "_type": "_doc", "_id": "rBbJlJABphY0dhBsQmP7", "_score": null, "_source": {"insert_time": 1720483136000, "id": "tester07", "action_tagging": {"sub_type": "10", "hands_type": "0", "app_time": 1720483115981, "action_time": [{"start": "1720416848528", "end": "1720422521915"}], "recv_time": 1720483116278}}, "sort": [1]}
{"_index": "app_data_240709", "_type": "_doc", "_id": "rRbJlJABphY0dhBsQmP7", "_score": null, "_source": {"insert_time": 1720483136000, "id": "tester07", "action_tagging": {"sub_type": "10", "hands_type": "0", "app_time": 1720483115991, "action_time": [{"start": "1720412447062", "end": "1720413899680"}], "recv_time": 1720483116278}}, "sort": [3]}
{"_index": "app_data_240709", "_type": "_doc", "_id": "rhbJlJABphY0dhBsQmP7", "_score": null, "_source": {"insert_time": 1720483136000, "id": "tester07", "action_tagging": {"sub_type": "10", "hands_type": "0", "app_time": 1720483115995, "action_time": [{"start": "1720404152663", "end": "1720410721164"}], "recv_time": 1720483116278}}, "sort": [5]}
{"_index": "app_data_240709", "_type": "_doc", "_id": "rxbJlJABphY0dhBsQmP7", "_score": null, "_source": {"insert_time": 1720483136000, "id": "tester07", "action_tagging": {"sub_type": "2", "hands_type": "0", "app_time": 1720483115997, "action_time": [{"start": "1720395870337", "end": "1720397061124"}], "recv_time": 1720483116278}}, "sort": [7]}
{"_index": "app_data_240709", "_type": "_doc", "_id": "sBbJlJABphY0dhBsQmP7", "_score": null, "_source": {"insert_time": 1720483136000, "id": "tester07", "action_tagging": {"sub_type": "12", "hands_type": "0", "app_time": 1720483115998, "action_time": [{"start": "1720151538414", "end": "1720153211000"}], "recv_time": 1720483116278}}, "sort": [9]}
{"_index": "app_data_240709", "_type": "_doc", "_id": "sRbJlJABphY0dhBsQmP7", "_score": null, "_source": {"insert_time": 1720483136000, "id": "tester07", "action_tagging": {"sub_type": "20", "hands_type": "0", "app_time": 1720483115999, "action_time": [{"start": "1720151411676", "end": "1720151518303"}], "recv_time": 1720483116278}}, "sort": [11]}
{"_index": "app_data_240709", "_type": "_doc", "_id": "shbJlJABphY0dhBsQmP7", "_score": null, "_source": {"insert_time": 1720483136000, "id": "tester07", "action_tagging": {"sub_type": "10", "hands_type": "0", "app_time": 1720483116000, "action_time": [{"start": "1720144501002", "end": "1720150500000"}], "recv_time": 1720483116278}}, "sort": [13]}
{"_index": "app_data_240709", "_type": "_doc", "_id": "7xZwlZABphY0dhBshq-9", "_score": null, "_source": {"insert_time": 1720494098000, "id": "tester05", "action_tagging": {"sub_type": "12", "hands_type": "0", "app_time": 1720494075135, "action_time": [{"start": "1720493774555", "end": "1720494068656"}], "recv_time": 1720494075863}}, "sort": [15]}
